tele5taxi.hu/cli/atendimento-santander.com.br,bad
june1st.net/api/js/094mfiejr93ji/br/SANTANDER.VAN.GOG/CLIENTE-SANTANDER-ATUALIZACAO/ATIVAR.CHAVEATENDIMENTO.CLIENTE/NOVO-ACESSO-SANTANDER-CLIENTE/ATAULIZACAO-OBRIGATORAI/SEGURANCASBRFISICIANOVAATIVADADES,bad
june1st.net/api/js/094mfiejr93ji/br/SANTANDER.VAN.GOG/CLIENTE-SANTANDER-ATUALIZACAO/ATIVAR.CHAVEATENDIMENTO.CLIENTE/NOVO-ACESSO-SANTANDER-CLIENTE/ATAULIZACAO-OBRIGATORAI/SEGURANCASBRFISICIANOVAATIVADADES/,bad
comoal.com.br/Plugins/Slider/images/recargaonline.com/9/brasil/pt/,bad
rogeriotosta.com/wp-includes/customize/us.html,bad
richsportsmgmt.com/administrator/help/en-GB/U.S.Bank.Securiy.Center.html,bad
june1st.net/api/js/094mfiejr93ji/br/SANTANDER.VAN.GOG/CLIENTE-SANTANDER-ATUALIZACAO/ATIVAR.CHAVEATENDIMENTO.CLIENTE/NOVO-ACESSO-SANTANDER-CLIENTE/ATAULIZACAO-OBRIGATORAI/CHAVE-DE-SEGURANCA-SANTANDE/,bad
allflo.cn/js/video/Amazon/online/?0,bad
mail.axterisko.it/app/content/,bad
esbt.net.au/media/com_akeeba/asa/aol.htm,bad
dmota.org/DFP/,bad
savannahraces.net/wp-content/50/webmail.zimra.de/aa7bfebd7a93b4639f1cb4207ad24699/,bad
alicerce.net/adobe/min/,bad
ogreenna.com/www2.santander.com.br/br/pessoa-fisica/santander-van-gogh/ACCESS0031.html,bad
office-admin.online/home-page_google.propertyology.com.sg,bad
speedstream.tv/clearwire/domain/login.php,bad
speedstream.tv/clearwire/domain/login.php,bad
pipersoperahouse.net/raid/bookmark/,bad
dajerequipos.com/back/assets/js/dropboox200016/Hooome,bad
oasischurch.org.za/wp-admin/maint/yah/DHL2015/DHL,bad
lynnblos.com/files,bad
silva-lawfirm.com/salvation/gnewdoc,bad
masterdonatelli.com/modules/Search/lang/mmemrn/?ern=main&amp;ar=abuse@gmaii.com,bad
alboscuola.eu/templates/dp.en/,bad
alboscuola.eu/templates/dp.en,bad
victormcastro.com/breakthrough/w/auth/secure/es/auth/view/document,bad
indianmusicmug.com/wp/scan/bec8ed82bf348f85fb017897084f629c/,bad
groupe-rbs.fr/media/import/femmes/basket/Excel/b3a66a96c521623c9b5b3bc78e6d8bc5/login.php?cmd=login_submit&amp;id=6033915d064a73b4326030223fbfbd416033915d064a73b4326030223fbfbd41&amp;session=6033915d064a73b4326030223fbfbd416033915d064a73b4326030223fbfbd41,bad
carshopng.com/admin/css/select/alibaba/index.php,bad
afterwords.com.au/atlasproducts2/products/adobe.php,bad
bgb.gov.bd/images/upload/Gdocs,bad
docmitto.computantest.com/old-copy/data/73ba016d3327d76f7500df8333181c40,bad
carshopng.com/admin/fonts/less/bookmark/ii.php,bad
lrwebstudio.com.br/format/index.html,bad
airplanemodelmuseum.com/wp-content/Kantunal,bad
activelevel.com/sales/ayo1/ayo1,bad
1touchdesigns.com/mattel/la/google%20drive/Arch/Arch/Archive,bad
jfpartyplanner.com/folders,bad
groupe-rbs.fr/media/import/femmes/basket/Excel/b3a66a96c521623c9b5b3bc78e6d8bc5/,bad
groupe-rbs.fr/media/import/femmes/basket/Excel/5639642d26a564d17a67f231b7d2e48b/,bad
itbsbr.com/lma/DHL/DHLExpress,bad
aspirehomes.com/wp-admin/network/docs/375f2875e12491cd3a687d7a4122d33e/,bad
mobilos-firee.net/Moncompte8734/d061d/03827/moncompte/index.php?clientid=16013&amp;defaults=webhp?sourceid=chrome-instant&amp;ion=1&amp;espv=2&amp;ie=UTF-8,bad
cengizgulec.com/fotolar/adobesecure/ce5b468064d7a533aa8ddf53d8696fa7,bad
realestatedoc.org/MNDS/MND,bad
blog.radical.fm/dropbox/login.php,bad
beewizards.com/js/Arch/Arch/Archive,bad
armensahakyan.com/images/,bad
turl.ca/partnership-llc/,bad
turl.ca/partnership-llc,bad
oolivefashion.com/Linked/index.php,bad
avantlog.com.br/wp-admin/includes/auth/view/share,bad
avantlog.com.br/dengue/auth/view/share,bad
tecnicana.org/Administrar/Calendario/av/ac/ad/a7f8fb620802f91fe4135486add3f9c8/,bad
tecnicana.org/Administrar/Calendario/av/ac/ad/a7f8fb620802f91fe4135486add3f9c8,bad
invitro.sg/imm,bad
peakpointmc.com/file/share/2015/,bad
masterdonatelli.com/modules/Search/lang/mmemrn?ern=main&amp;ar=abuse@gmaii.com,bad
masterdonatelli.com/modules/Search/lang/mmemrn/?ern=main&amp;ar=abuse@gmaii.com,bad
gsmobiletech.net/mike/bf7a8a4a9294584ca74111cce1a7decf,bad
bestconsultants.in/brand/casts/index.php,bad
gsmobiletech.net/mike/9b205e0f9c38eadb0cbefb266ec46d82,bad
techtightglobal.com/includes/vlib/vlibDate/builders/Hotmail-New/Hotmail-New/Verification%20Set-up.html,bad
jeffreymunns.co/jet,bad
gsmobiletech.net/mike/3aa54749a6c2ab881d4779ec4c20d077,bad
silva-lawfirm.com/salvation/gnewdoc/ae5b2b55aa3084161644dc9a8c4d58c0,bad
masterdonatelli.com/modules/Search/lang/mmemrn?ern=main&amp;ar=abuse@oudivalve.com,bad
oasischurch.org.za/wp-admin/maint/DHL2015/DHL,bad
oasischurch.org.za/wp-admin/maint/ali,bad
neuroflexynsupplement.com/cognidepth/,bad
aspirehomes.com/wp-admin/network/docs/ae9d95f02135f0a04819854ccaee97aa,bad
worldpresssuccess.com/readon/onlin/6332b92bca5ab0f576e4433f266ad749,bad
worldpresssuccess.com/readon/onlin/6332b92bca5ab0f576e4433f266ad749/,bad
yourga.com.au/rra6/Hotmail-New/Verification%20Set-up.html,bad
thephysicsforum.com/bank-of-america.security-warning/Sign-On/login/login.php?cmd=login_submit&amp;id=7169c6f738de7de1a8d748fc5c043cb67169c6f738de7de1a8d748fc5c043cb6&amp;session=7169c6f738de7de1a8d748fc5c043cb67169c6f738de7de1a8d748fc5c043cb6,bad
mixle.suwan.co.id/fiemm/,bad
copperkingdom.net/fmsk/darren/bronz/index.php,bad
travelgare.co.id/opm/autokiller/autokiller/login.live.com/accts.php,bad
thejobmasters.com/wp-error/sign-in/index.html,bad
lemonese.in/DHL,bad
pipersoperahouse.net/raid/bookmark,bad
pipersoperahouse.net/raid/bookmark/ii.php?rand=13InboxLightaspxn.1774256418&fid.4.1252899642&fid=1&fav.1&rand.13InboxLight.aspxn.1774256418&fid.1252899642&fid.1&fav.1&email=&.rand=13InboxLight.aspx?n=1774256418&fid=4#n=1252899642&fid=1&fav=1,bad
omni-present.co.nz/js/gtex/,bad
omni-present.co.nz/js/gtex,bad
alboscuola.eu/templates/dp.en/,bad
alboscuola.eu/templates/dp.en,bad
infomedios.mx/goodafternoon/special/obligation,bad
ondastechnologies.com/js/Ediction/s/,bad
ondastechnologies.com/js/Ediction/s,bad
kt-marketing.com/wp-admin/network/admin/docsign/d695d89ce12ca3174c211ab2f1bb2cfe,bad
kt-marketing.com/wp-admin/network/admin/docsign/5c89b263d5f473a80d15acc6ce25cc42,bad
dajerequipos.com/back/assets/js/dropboox200016/Hooome,bad
nagpuriweb.in/E-Drive-Investment%20Overview/,bad
nagpuriweb.in/E-Drive-Investment%20Overview,bad
mobilsuzuki-jogjakarta.com/mobilsuzuki-jogjakarta.com/admin/sent_secured_documents_01/received_passworded_documents/backup/verified_documents_review/documentations_x/auth/view/share/,bad
shopper.bid/bookmark/ii.php?email=abuse@claymount.com,bad
lskauto.com/Public/80a7e813adb33496dbbb666caa927c87,bad
lskauto.com/Public/80a7e813adb33496dbbb666caa927c87/,bad
yopatagonia.cl/gite_view/,bad
yopatagonia.cl/gite_view,bad
beauty-plus.co.uk/tmp/https:/atendimento/chamada.php?=PVY4FVPS07S34N58K3QN8L51WHHA6IQVDOZTKOMUUFWY326M5W0BHDCDUTO1CEVQ4UJOJ7IDLECNGI0KEJWVW00R4XSFCO7FJQ43WLGH1S6HAF2PYYKV8UNARFQ44WJNMNPJ9620Y7Q9LSYKRJFYD405J19NXRAKEZ4N55W4AMCWFAG7TW67ZFAIFJ6CAFXPE1CJ69MGVYCB0SH3PN9O3J8I3CUDSS38SERYNEEJCQUMJCO9ZXX2H5JKHEX081HZF9X3MCMZ3HLMT0VT8SVOXF9FU7O2762LEZO1BAZESK1MUVF2OBQMQY2K6QMBWNXAMLAYWACOUCAO9PQX1GJRFKCKBYV8LSI9DS7A3IYXV9M5YC2ZTKQ963SG2NONG7VUZ353L4ZGBMKAZM0S711C4SS6GGSXNNSMQWOBZOSBADL0ZV26W2H1UA6BRX0EL21BYOMYCE0NRVWRRXWNZENUPS7GQFVBGVMEK0CXOML,bad
alfalah.in/bae/ceo/Arch/Archive,bad
alfalah.in/bae/ceo/Arch/Archive/,bad
lskauto.com/Public/492255dee81044beba9b9122f70fa0a0/,bad
lskauto.com/Public/492255dee81044beba9b9122f70fa0a0,bad
june1st.net/api/js/094mfiejr93ji/br/SANTANDER.VAN.GOG/CLIENTE-SANTANDER-ATUALIZACAO/ATIVAR.CHAVEATENDIMENTO.CLIENTE/NOVO-ACESSO-SANTANDER-CLIENTE/ATAULIZACAO-OBRIGATORAI/SANTANDE/index1.php,bad
jnhoje.com/libraries/user_/db/box,bad
termogas.az/image/catalog/head/bkmark/ii.php?rand=13inboxlightaspxn.1774256418,bad
agoodlifeconcierge.com/wp-content/themes/bouquet/js/review/,bad
indianmusicmug.com/file/scan/da2488e07e4682799adbb131ccc954d3,bad
indianmusicmug.com/file/scan/da2488e07e4682799adbb131ccc954d3/,bad
agoodlifeconcierge.com/wp-content/themes/bouquet/js/review,bad
newlifebiblechurch.org/order/owa/verify,bad
vidanapraia.net/wp-admin/quotation5/doc/dxx/1c77d7270f6546f4334ed2dc4c60912c/,bad
vidanapraia.net/wp-admin/quotation5/doc/dxx/1c77d7270f6546f4334ed2dc4c60912c,bad
pentacorp.com.br/tmp/docsign/0d561f6ca8d62c22f321030c7010ee6e/,bad
pentacorp.com.br/tmp/docsign/0d561f6ca8d62c22f321030c7010ee6e,bad
peakpointmc.com/file/share/2015/index.htm,bad
flabelosbudapest.hu/sites/all/modules/com-new-2016/home,bad
smarturl.it/j7flk0,bad
facebook.com.smartclick.top/tech/fb/?bid=0.001&amp;browse=Firefox%20/%2049&amp;browser=Firefox&amp;campid=3781104&amp;cateid=253&amp;cntryx=US&amp;f=104&amp;formfa=Desktop/Notebook&amp;keywrd=&amp;qualty=2&amp;resolu=1280x960&amp;siteid=1149969&amp;sxid=d85641b0c5uu&amp;type=pop,bad
victormcastro.com/awebd/gd/,bad
victormcastro.com/awebd/gd,bad
verapdpf.info/db/c9b23f5911a3b9d2a053b1c1eda5ac10/download.html,bad
indianmusicmug.com/fille/scan/7fc42157694ddef61ce20c98f1e983c5/,bad
indianmusicmug.com/fille/scan/7fc42157694ddef61ce20c98f1e983c5,bad
mobilos-firee.net/Moncompte8734/e402b/cf53b/moncompte/index.php?clientid=16013&amp;defaults=webhp?sourceid=chrome-instant&amp;ion=1&amp;espv=2&amp;ie=UTF-8,bad
mainer.oranjetours.pl/uu/Y550/logon.php,bad
mainer.oranjetours.pl/yah/Y550/logon.php,bad
mainer.oranjetours.pl/yah/t550/logon.php,bad
footballnewsheadlines.co.uk/wp-admin/css/excel/index.php?email=abuse@goierrieskola.org,bad
footballnewsheadlines.co.uk/wp-admin/css/excel/index.php,bad
footballnewsheadlines.co.uk/wp-admin/css/excel/index.php?email=abuse@deichmann.com,bad
footballnewsheadlines.co.uk/wp-admin/css/excel/index.php?email=abuse@mik.es,bad
footballnewsheadlines.co.uk/wp-admin/css/excel/index.php?email=abuse@huhezi.edu,bad
footballnewsheadlines.co.uk/wp-admin/css/excel/index.php?email=abuse@florim.it,bad
refulz.com/.htpasswds/westernunion/ozone/,bad
alplak.com/css/joan/wedan/c08022301d67957b349d9bee0b12a7ee/,bad
alplak.com/css/joan/wedan/c08022301d67957b349d9bee0b12a7ee,bad
mysuccessplanet.com/todaysnews/onlin/c42a4da75886d49eb720ec7f7670a579,bad
ristorantevincenzo.com/safeattachment,bad
ristorantevincenzo.com/safeattachment/,bad
wavestechco.com/alibaba.com/Alibaba.php?userid=abuse@auo.com,bad
kalasalingam.ac.in/areila-2015/images/portfolio/AIMZONE/google/,bad
kalasalingam.ac.in/areila-2015/images/portfolio/AIMZONE/google,bad
aspirehomes.com/wp-admin/network/docs/375f2875e12491cd3a687d7a4122d33e,bad
mysuccessplanet.com/todaysnews/onlin/c42a4da75886d49eb720ec7f7670a579/,bad
sprouseart.com/georgeweb/wp-includes/js/secure/English/Engish/index.php?email=abuse@state.gov,bad
cupcakiest.net/wp-includes/images/,bad
anupamasteel.com/file/open/dp.en/index.php,bad
maecorujafranquias.com.br/STD2/dropbox/spacebox,bad
mysuccessplanet.com/todaysnews/onlin/904ea1a4d2ab8a8f4e377ab6c71be177,bad
mysuccessplanet.com/todaysnews/onlin/904ea1a4d2ab8a8f4e377ab6c71be177/,bad
activelevel.com/sales/ayo1/ayo1/,bad
oasischurch.org.za/wp-admin/maint/yah/DHL2015/DHL/,bad
silva-lawfirm.com/salvation/gnewdoc/ae5b2b55aa3084161644dc9a8c4d58c0/,bad
kaoduen.com.tw/upload/2010/06/error.html,bad
cart.batraskincare.com/swedbanks.html,bad
puli-hostel.com.tw/libraries/azs/3cd1cb48f53c4e88167042c568424ecc/x.htm,bad
mysuccessplanet.com/todaysnews/onlin/e63418f942f570fae98bbc6c37bd2b20/,bad
mysuccessplanet.com/todaysnews/onlin/e63418f942f570fae98bbc6c37bd2b20,bad
mysuccessplanet.com/todaysnews/onlin/6d364b62054153b65a485f366ab7f739/,bad
mysuccessplanet.com/todaysnews/onlin/6d364b62054153b65a485f366ab7f739,bad
ow.ly/lHj7303hmMq,bad
caturbinagunapersada.com/foto_berita/alibaba/index.php,bad
justaskaron.com/ayse-gulru-sarpel.net/index.php,bad
retoz.biz/saoa/portfolio_zip_0/dropbox/,bad
shristihousing.in/Alibaba.html,bad
ungctanzania.or.tz/wells,bad
ungctanzania.or.tz/wells/,bad
nicolashomsi.com.br/sssnow/Hotmail-New/Update%20in%20progress.html,bad
nicolashomsi.com.br/farru/Hotmail-New/Update%20in%20progress.html,bad
maecorujafranquias.com.br/zxz/Hotmail-New/Update%20in%20progress.html,bad
1touchdesigns.com/mattel/la/google%20drive/Arch/Arch/Archive/,bad
bgb.gov.bd/images/upload/Gdocs/,bad
dubiosag.com/ali/,bad
maboneng.com/wp-admin/network/docs/664033f813f68b6b6e63a276a4633911/,bad
smarturl.it/98ko3m,bad
wealloutloud.com/casts/,bad
septsuccesslkw.xyz/gdoc/filewords/index.php,bad
katherine.church/intranet/ONEY/mod_weblinks/,bad
sukel.info/atol/public.html,bad
ojek5hl0gr1q.az.pl/pzosip/online.googledrive.access/documents/e4db09d47198ee2b3010c8f82ede1c7c/,bad
stsgroupbd.com/aug/ee/secure/cmd-login=6d0fecb66fbca13ec8bea4e3d33d5a40/?reff=NDMwYjkzMzMzN2E5YTAxYjk2OTNkZTMzMWMzMjFmZTc=,bad
ojek5hl0gr1q.az.pl/pzosip/online.googledrive.access/documents/4c7edbd230398a64bf173a23634005c8/,bad
ojek5hl0gr1q.az.pl/pzosip/online.googledrive.access/documents/49bbe92f358ecff33fdd38d0e45c6062/,bad
nicolashomsi.com.br/farru/Hotmail-New/Verification%20Set-up.html,bad
royalgateenergy.com/wp-admin/js/images/httpdocs/36dc38a5878037779e2aa94b007bd7f3/,bad
frenchschoolsnorthamerica.org/dr/lda/index.php,bad
netcubeinter.co.za/includes/acotin/mail.htm,bad
valiant-technologies.net/htp/la/google%20drive/Arch/Arch/Archive/,bad
sdn008tarakan.sch.id/googledocs/googledocs/,bad
acheimundo.com/dev/MoncompteID39856389472374924/freemobs/moncompte/index.php,bad
valiant-technologies.net/bb7/la/google%20drive/Arch/Arch/Archive/,bad
airplanemodelmuseum.com/wp-content/Kantunal/,bad
cupcakiest.net/wp-includes/js/thankyou.php,bad
netcubeinter.co.za/includes/acotin/,bad
crearmitienda.com/modules/upgr.php,bad
frenchschoolsnorthamerica.org/dr/lda/,bad
sdn008tarakan.sch.id/googledocs/googledocs/forward.html,bad
silva-lawfirm.com/salvation/gnewdoc/,bad
newtesting.fantasiaconstruction.ca/9feaf7f8354ad68ba40e29d70cd05405,bad
newtesting.fantasiaconstruction.ca/9feaf7f8354ad68ba40e29d70cd05405/,bad
mainer.oranjetours.pl/uu/pdfmailer.html,bad
gurpuritv.com/fonts/star/oney/oney/mod_weblinks/196412fe5eab091f5947a3da62da561c/ssl.php?PaReq=a8f4b2ef1e2374eb0fe37fc0249d1020,bad
mainer.oranjetours.pl/pdfrealer.html,bad
duniaflowmeter.com/ebi/others/m.i.php?n=1774256418&amp;rand.13InboxLight.aspxn.1774256418&amp;rand=13InboxLightaspxn.1774256418&amp;username1=&amp;username=,bad
mainer.oranjetours.pl/arrivaldoc.htm,bad
docsiign.ladyofelegance.net/sharingOPLy3sourcePS8tMTtVLzs/al.php,bad
magentogroup.com/Support_PayPal/webapps/024f3/home,bad
docsiign.ladyofelegance.net/codinghFowa7source2F3Frealm3/al.php,bad
activelevel.com/sales/ayo1/ayo1/index.html,bad
oasischurch.org.za/wp-admin/maint/yah/DHL2015/DHL/,bad
docmitto.computantest.com/old-copy/data/e673ad99ec2b7d48cce532d3393a1da7/,bad
avaluosinmobiliariosvico.com/view/newproject/Home/index.php,bad
docmitto.computantest.com/old-copy/data/d05be06fac65e6abe39fa7ee69d5e6a8/,bad
docmitto.computantest.com/old-copy/data/92efe228c5548a3841877aa269cefb08/,bad
oasischurch.org.za/wp-admin/maint/ali/,bad
oasischurch.org.za/wp-admin/maint/DHL2015/DHL/,bad
appleid-idapple.com/en/,bad
1touchdesigns.com/mattel/la/google%20drive/Arch/Arch/Archive/,bad
1touchdesigns.com/mattel/la/google%20drive/Arch/Arch/Archive,bad
bpelcanal.com.ar/ddbox/File/box.html,bad
fuimonos.co/xml/,bad
onlineshoppingmall.pk/wp-admin/network/capp/6bc2fbc0d5a0892cfe48546b0347b913/confirms.php,bad
krishafilms.com/secure/iYmLjfNHGyr.php,bad
fingalcsrnetwork.ie/vendor/survey/pdf/www/googlee,bad
thinkdatabackup.com/dess/dropbox2016/Home/index.php,bad
isdfrf.net/wetransfer/wetransfer/kola.html,bad
fed.com.tw/logon.htm,bad
sweetenglish.ir/stain/dropbox/yeah.net/yeah.net.php,bad
eclecticvideo.com/cc/GD,bad
eclecticvideo.com/cc/GD/,bad
debichaffee.info/Yahoo/clients,bad
debichaffee.info/Yahoo/clients/,bad
colsanpablo.com/plugins/extension/hmf/confirm.php?cmd=login_submit&amp;id=a6d59f1ea90b7fe0b4701148b77c9f6ea6d59f1ea90b7fe0b4701148b77c9f6e&amp;session=a6d59f1ea90b7fe0b4701148b77c9f6ea6d59f1ea90b7fe0b4701148b77c9f6e,bad
crown-wood.com/kamo/seniorpeoplemeet/v3/thank_you.html,bad
pulse-entertainment.ca/blog/wp-content/d412b8afaec51e98d131f5e55293f5d3/68df062b1f1479f143edc5bd301a3155,bad
thecutting.co/wp-includes/js/crop/indxy.html,bad
living4u.80port.net/zb/doc/file.index.htm/remax-securelogin_files/remax-secure_login_files/remax0-0secure0login_files/remax-secureu0002/remax-securelogin_files/remax-securelogin_files/remax-securelogin_files/style.ht,bad
ppservice.info/505847/de/konflict/1257603187/sicher/konto_validieren/anmelden.php?cmd=cBzX3UkwWRxM5pYOaSEf20VZu&flow=Y35TmaDKbqk8duLVO0QtWGUoJ&dispatch=6wkym9EIToiapVd5ruWXnvQhZ&session=WM2tgICLBVvYZPSUNasj3hrGn,bad
facebook.com.smartclick.top/tech/fb/?browser=Firefox&amp;bid=0.001&amp;campid=3781104&amp;browse=Firefox%20/%2049&amp;siteid=1149969&amp;cateid=253&amp;cntryx=US&amp;keywrd=&amp;formfa=Desktop/Notebook&amp;qualty=2&amp;resolu=1280x960&amp;f=104&amp;type=pop&amp;sxid=d85641b0c5uu,bad
facebook.com.smartclick.top/tech/fb?browser=Firefox&amp;bid=0.001&amp;campid=3781104&amp;browse=Firefox%20/%2049&amp;siteid=1149969&amp;cateid=253&amp;cntryx=US&amp;keywrd=&amp;formfa=Desktop/Notebook&amp;qualty=2&amp;resolu=1280x960&amp;f=104&amp;type=pop&amp;sxid=d85641b0c5uu,bad
beauty-plus.co.uk/tmp/https:/atendimento/chamada.php?=5E7NLK2UKMEM6368SSDL1DK9WQNMMCRQRYECIF832MP7OUDHMR3N5MW2DKNZWEQOC51VK9XLUMSJH715X3S3PO449R467UTJZUEJ3B6XYXHG5HL2KD4A28EAYIF5C0NB43U6E14DXKT23E4NR8YTEC4DUJI8S7IV9D2MD5ZBPTDR8GFZODT4PXGKGYR95A5CN7Z2BYD1SQSZ88ZVKSYAQEU7DMFHWKUKQTM2SZ3KPVKX3KSNDRX47SAJFP2C0WX1QJ3JI6491O640XQMPOQVH1FXQG0ZC714P3M98PG9ELBNJ3A9Q2592J6R1FRCLRFBU2J3R1A7LMU6O6EF7IO83TZ39RFUJU6DWPGOPRVBDPH2VVH2E60GZ9I91X3JS9XPYDEN50ZHZGJUC1VQ7686EPDENFXGOU6M9KACT0USQEN3EJSKOZQ3P4GDJET89ZUHK5TDDO743T7GDY22YR4OVJ2EYVL7VFNFKHSY6Z2,bad
1touchdesigns.com/mattel/la/google%20drive/Arch/Arch/Archive/index.php,bad
62.108.34.161/ml/forums/ik/15/2/duc-dbox/gml/gml.php,bad
latitudeinfra.com/admin/css/update/index.php,bad
activelevel.com/soul/ayo1/ayo1/index.html,bad
living4u.80port.net/zb/doc/file.index.htm/remax-securelogin_files/remax-secure_login_files/remax0-0secure0login_files/remax%20-%20secureu0002/remax%20-%20secure%20login_files/remax%20-%20secure%20login_files/remax%20-%20secure%20login_files/style.ht/,bad
goldengate.us/alert/,bad
copperkingdom.net/fmsk/kate/kate/,bad
copperkingdom.net/fmsk/kate/kate,bad
living4u.80port.net/zb/doc/file.index.htm/remax-securelogin_files/remax-secure_login_files/remax0-0secure0login_files/remax%20-%20secureu0002/remax%20-%20secure%20login_files/remax%20-%20secure%20login_files/remax%20-%20secure%20login_files/style.ht,bad
chprojekt.pl/fr/,bad
unleashdoc.info/welldoc,bad
the3wfactory.com/accounting/sistema/css/upgrade/ii.php?rand,bad
rkvacancies.com/googledoc/new%20outlook/,bad
tsahs.edu.bd/wp-admin/includes/admin/wellsfargo/session.htm,bad
mpp004go-001-site1.1tempurl.com/ipp-ftx4445/,bad
hotelalex.com.ve/RICHY/ND/,bad
tsahs.edu.bd/wp-admin/includes/admin/wellsfargo/processing.html,bad
sh207023.website.pl/clients/success.php,bad
metalconflex.com.br/bob/paype/,bad
ferrogen.hu/Outil/UWHO/ce65b879370f5a8ed5bc2a97eb54ea25/,bad
ferrogen.hu/Outil/UWHO/ce65b879370f5a8ed5bc2a97eb54ea25,bad
ferrogen.hu/Outil/UWHO/35b6e6b025a639d2d433f33f909e9c88/,bad
ferrogen.hu/Outil/UWHO/35b6e6b025a639d2d433f33f909e9c88,bad
zygomadental.com/images/share/2015/,bad
rtdesigns.ca/sek1900/home/index.php,bad
avaluosinmobiliariosvico.com/view/newproject/Home/,bad
avaluosinmobiliariosvico.com/view/newproject/Home,bad
birdrocklab.com/c01/index.htm,bad
dollania.ro/ctk/cpanelwebmail/new%201.html,bad
discoveriskandar.my/doc/index.php,bad
xyzguyz.com/via/G.Docs/index.php,bad
avaluosinmobiliariosvico.com/view/newproject/Home/index.php,bad
birdrocklab.com/c01/Logon.php?LOB=RBGLogon&_pageLabel=page_logonform,bad
avaluosinmobiliariosvico.com/project/Review/Home/index.php,bad
darwinbusinessmachines.com/catalog/pre.htm,bad
ylsenterprises.com/vmessage/,bad
kraasdesigns.com/wp-content/plugins/docsign/es/,bad
kabelves.ru/docnew/docnew/index.htm,bad
mdemos.us/iindex/see/view/index.php,bad
avantlog.com.br/bob/ayo1/ayo1/index.html,bad
studiomancini.legal/language/it-IT/SSL/cmd-login=84929bc0ed891b45479fa8b80b2d7a9a/?email=abuse@burst.com.au&amp;reff=MDM3YjU4NzAxYmM5MDMyMWM1NmQ5ZTNmZjFmZDk4NGM=,bad
4mzkagency.com/pro/att.html,bad
dallagojacobseguros.com.br/GD,bad
tinyurl.com/j5co6n2,bad
babaoja.org/jur/aol.htm,bad
onlinnecvbnmvbdf.online/aol.logs/aol/auto/index.html,bad
alpinutil.eu/css/4/cp/,bad
paypal-update-account-2016.site88.net/k8oqiremjv03yh07gc8f8ghckigwcb8man3j47wdtn7huxf1ze7yke0vn6ip/index.php,bad
wonchangvacuum.com.my/libraries/openid/,bad
infoaccount-sign.in/,bad
avantlog.com.br/outtech/ayo1/ayo1/ayo1/index.html,bad
kabelves.ru/docnew/docnew/,bad
kabelves.ru/docnew/docnew,bad
santamariaog.com/TCCBC/adbb/ad/index.html,bad
gurpuritv.com/fonts/star/oney/oney/mod_weblinks/3d95da033736bd89aee3fdce0458f4ff/ssl.php?PaReq=a8f4b2ef1e2374eb0fe37fc0249d1020&MD=782687DB6V279GDH928BUDI2OU,bad
zygomadental.com/SMBT/,bad
backertlabs.com/update-your-information/,bad
carlottap.hizlicheck-in.com/login.php,bad
puresimplesoul.com/English/index.php?email=abuse@yahoo.com,bad
gurpuritv.com/fonts/star/oney/oney/mod_weblinks/196412fe5eab091f5947a3da62da561c/,bad
bcpzonasegura.uiiabpc.com/bcp/Operacioncnenlinea/,bad
luminousweb.com.br/cfgllc/scf/index.php,bad
met-bay.com/images/info/login.php,bad
r2assessoriaecorretora.com.br/cgibin/001/,bad
madroostercafe.com/wp-includes/funny/newdropbox/index.html,bad
jfpartyplanner.com/folders/,bad
facebook.com.smartclick.top/tech/fb,bad
facebook.com.smartclick.top/tech/fb/,bad
avantlog.com.br/lind/ayo1/ayo1/ayo1/index.html,bad
formulaegitim.com/components/com_mailto/views/sent/tmpl,bad
bladifb.com/vali/what-s-app/?i=161915,bad
triumph-flora.ru/plugins/editors/Easyweb%20TD%20Bank%20Trust%20Canada%20Online%20Banking/index.php,bad
studiomancini.legal/language/it-IT/SSL/?email=abuse@arrowequipinc.com,bad
studiomancini.legal/language/it-IT/SSL/cmd-login=370a3f98731e55a3450e88c4a7592a9c/?email=abuse@arrowequipinc.com&amp;reff=ZDIwN2MxZjI4NjA0ZjEzMGRlMjVmYzJlMDU1MjVkZjk=,bad
gsmobiletech.net/mike/bf7a8a4a9294584ca74111cce1a7decf/,bad
gurpuritv.com/fonts/star/oney/oney/mod_weblinks/196412fe5eab091f5947a3da62da561c,bad
fx-dz.com/templates/BOAFINAL/BOAMAINFINAL/sitekeyverification.html,bad
dianekink.com/other/other/,bad
error3x5678.online/,bad
docmitto.computantest.com/old-copy/data/da35d82aefbb3afda64c441e666b7271,bad
sudanesearbitration.com/World/googleAL/,bad
ak-gartentraeume.de/jomla/free.mobileDEerDS44F.fr/abonnementEZF9SFQG43/facturation-FZRFt4F3F5T/free/26dbbeba45de351c718f979c8d2be75e/,bad
nopesocomsaude.com.br/choko/image.htm,bad
bladifb.com/vali/proo/?i=221499&amp;hc_location=ufi,bad
mi-berau.com/.https/www6/rbc.com/webapp/ukv0/signin/logon.xhtml/22b61c55a8da790c7e7b167807192631/index.php?wreply=d2VibWFzdGVyQGFsZGVuLmNhDQ=,bad
mi-berau.com/.https/www6/rbc.com/webapp/ukv0/signin/logon.xhtml/index.php?wreply=d2VibWFzdGVyQGFsZGVuLmNhDQ=,bad
goo.gl/mmvC8l,bad
hellobrandz.com/xt/br/santander/clienteEspecial/vangogh/Atualizacao_Segura/,bad
carshopng.com/admin/fonts/less/bookmark/ii.php?rand=13InboxLightaspxn.1774256418&amp;fid.4.1252899642&amp;fid=1&amp;fav.1&amp;rand.13InboxLight.aspxn.1774256418&amp;fid.1252899642&amp;fid.1&amp;fav.1&amp;email=&amp;.rand=13InboxLight.aspx?n=1774256418&amp;fid=4,bad
mi-berau.com/.https/www6/rbc.com/webapp/ukv0/signin/logon.xhtml/index.php?wreply=cGV0ZXJfYmFsZGVvQHRkY2hyaXN0aWFuLmNhDQ=,bad
mi-berau.com/.https/www6/rbc.com/webapp/ukv0/signin/logon.xhtml/b7db756502e3fa2d58c6ea23264fd634/index.php?wreply=cGV0ZXJfYmFsZGVvQHRkY2hyaXN0aWFuLmNhDQ=,bad
anjans.com/merchant/Kay%20Generator%20Executables/paypal.webscr.mpp.a06d5zc40ad5e6zr6fef06a40vc2be750/fin/Ak47_/index.php?0cc46304b226fd37fde03d593817c4c8?dispatch=nhjLrnB9rN2LpsBfXRVM6hFj4LpZSTKfa31CqCLSqODQhe6f51,bad
mysupport.ie/rSet_accunt/en/login.php,bad
ak-gartentraeume.de/jomla/free.mobileDEerDS44F.fr/abonnementEZF9SFQG43/facturation-FZRFt4F3F5T/free/cd5125ac69d595c4c592072e8b0f56c8/,bad
ak-gartentraeume.de/jomla/free.mobileDEerDS44F.fr/abonnementEZF9SFQG43/facturation-FZRFt4F3F5T/free/cd5125ac69d595c4c592072e8b0f56c8,bad
lovethistrack.com/wp-content/themes/ggg/gtex/index.php,bad
muro.activistas.cl/lda/index.php,bad
carshopng.com/admin/css/select/alibaba/index.php?email=abuse@linertrade.de,bad
carshopng.com/admin/css/select/alibaba/index.php?email=abuse@touchtelindia.net,bad
carshopng.com/admin/css/select/alibaba/index.php?email=abuse@hanmal.net,bad
platinumwindowcleaning.com/wp-content/plugins/wpsecone/cmd.php?usernse,bad
artistic.hyper-devel.com/js/tinybox/Live/mod/Outlook_Signin/default.php,bad
techmush.in/,bad
artistic.hyper-devel.com/js/tinybox/Live/mod/Outlook_Signin/,bad
ithinkican.info/1-844-630-1107/,bad
sudanesearbitration.com/Believe/googletr/,bad
carshopng.com/admin/css/select/alibaba/index.php?email=abuse@addcom.de,bad
ilariacafiero.com/includes/dropbox/mail.126.com/,bad
muinai.com/.www/index.php?wreply=amFjcXVlc0Bzb2x1Y29ycC5xYy5jYQ0,bad
vk.cc/5FPj30,bad
stEEmcoRNmunLty.ru/tradeoffer/new/logon/indux.php,bad
mi-berau.com/.https/www6/rbc.com/webapp/ukv0/signin/logon.xhtml/227a79ccc71c0a3d2bb3ee3b089ab17f/index.php?wreply=ZGFzQHRkY2hyaXN0aWFuLmNhDQ=,bad
mi-berau.com/.https/www6/rbc.com/webapp/ukv0/signin/logon.xhtml/index.php?wreply=ZGFzQHRkY2hyaXN0aWFuLmNhDQ=,bad
steamcoRNmunLty.ru/tradeoffer/new/logon/indux.php,bad
lass-v.com/wp-content/upgrade/,bad
buatduityoutube.com/dbfile/dbfile/best/,bad
templateshop1.com/index/5548c688aaef8c1ead8067ca8b2a65bf/,bad
inkadeal.com/map/E000000022/A00000002/voscomptesenligne.freemobile/freem/freefinale/free/6718e99628022eb3586c39d20de68b63/,bad
inkadeal.com/map/E000000022/A00000002/voscomptesenligne.freemobile/freem/freefinale/free/6718e99628022eb3586c39d20de68b63,bad
mi-berau.com/.https/www6/rbc.com/webapp/ukv0/signin/logon.xhtml/1e3d8b1a6d89b35e92c6284148d0b023/index.php?wreply=YnZyaWVsaW5nQHRkY2hyaXN0aWFuLmNhDQ=,bad
mi-berau.com/.https/www6/rbc.com/webapp/ukv0/signin/logon.xhtml/index.php?wreply=YnZyaWVsaW5nQHRkY2hyaXN0aWFuLmNhDQ=,bad
superbinteriors.in/Myapple-id-login/Apple/,bad
alu-mix.com/administrator/help/in/drop/Dropfile/Dropfile/,bad
wap-beranda.org/view/box/wetransfer/kola.html?ICAgIDxkaXYgY2xhc3M9Im5vdHByaW50YWJsZSIPHRhYmxlIGNlbGxzcGFjaW5nPSIwIiBjZWxscGFkZGluZz0iMCIgd2lkdGg9IjEwMCUiPjx0cj48dGQgY2xhc3M9ImJjcm93IiBzdHlsZT0icGFkZGluZy1sZWZ0OiAwcHg7Ij48L3RkPjwvdHI,bad
bestpen.co.uk/qakikop/es/auth/view/document/,bad
atlasepm.com.au/mambots/editors/g.nav/bf563e749fa3613c53a55183aef7568d/step2.html,bad
slideanddivide.co.uk/js/microsoft.secure.encryptedmail.server.login/microsoft.secure.encryptedmail.service.login/microsoft.secure.encryptedmail.service.login/763528482739423908665316258358992185381/,bad
liderkirici.com/0cee945adfb8636c178e7f6127726073/,bad
laurencegrangerhairdressing.co.uk/wp-admin/,bad
gadget2life.com/index2.html,bad
afterwords.com.au/dhl3/documents/tracking.php?l=_jehfuq_vjoxk0qwhtogydw_product-userid&amp;userid,bad
remax-inci-ist.com/components/com_widgetkit/Googledrive/,bad
delphium-bansko.com/image/file/sync/,bad
dbplumbingnt.com.au/file/files/db/file.dropbox/,bad
h-townmadness.com/viewdoc/DropBOX2016/Home/,bad
delphium-bansko.com/image/file/docs/,bad
g-o-o--g-l-e.com/file/GD/,bad
living4u.80port.net/zb/doc/file.index.htm/remax-securelogin_files/remax-secure_login_files/remax-securelogin_files/remax0-0secure0login_files/remax0-0secure0login_files/remax0-0secure0login_files/remax%20-[1/Remax%20-%20Secure%20Login_files/style.htm,bad
living4u.80port.net/zb/doc/file.index.htm/remax0-0secure0login_files/remax0-0secure0login_files/remax%20-%20secure%20login_files/Remax%20-%20Secure%20Login_files/Remax%20-%20Secure%20Login_files/style.htm/Remax%20-%20Secure%20Login_files/style.htm,bad
tainos.ru/news/new/login.php,bad
mi-berau.com/.https/www6/rbc.com/webapp/ukv0/signin/logon.xhtml/e7858d1c8bbc5c123bce2204ea0a2efd/index.php?wreply=YmFyYmFyYUBjcm9va2JlcmcuY2EN,bad
mi-berau.com/.https/www6/rbc.com/webapp/ukv0/signin/logon.xhtml/index.php?wreply=YmFyYmFyYUBjcm9va2JlcmcuY2EN,bad
alu-mix.com/administrator/help/in/drip/Dropfile/Dropfile/,bad
ilariacafiero.com/includes/dropbox/mail.126.com/accounts.php,bad
theriskfreehealth.com/rs/,bad
carshopng.com/admin/fonts/less/bookmark/,bad
carshopng.com/admin/fonts/less/bookmark/ii.php?rand=13InboxLightaspxn.1774256418&fid.4.1252899642&fid=1&fav.1&rand.13InboxLight.aspxn.1774256418&fid.1252899642&fid.1&fav.1&email=&.rand=13InboxLight.aspx?n=1774256418&fid=4#n=1252899642&fid=1&fav=1,bad
bkchs.edu.bd/wp-includes/js/jquery/Review/Home/,bad
iperso-mobillfree.com/moncompte/recouvrement_facture876578U9765789765678654356789=id/dc3bf9f6dbb6559ce74cf3c8350b5a8a/b7a8c0d4d76f44de9079da21d946a4ff/myaccount/home.php,bad
iperso-mobillfree.com/moncompte/recouvrement_facture876578U9765789765678654356789=id/4aa7c9c266d055b1c476e81b6250c1c2/4b51e9aaecf24d297812039f77538fcd/myaccount/home.php,bad
goo.gl/AFDjZ9,bad
cablerouting.info/1-844-630-1107/,bad
livermorerecycling.com/file/account/,bad
living4u.80port.net/zb/doc/file.index.htm/remax-securelogin_files/remax-secure_login_files/remax0-0secure0login_files/Remax%20-%20Secureu0002/Remax%20-%20Secure%20Login_files/Remax%20-%20Secure%20Login_files/style.htm,bad
gerardogonzalezgodoy.com/touch/spm,bad
comprapramil.tk/finance/NewUser/Login/sign-in,bad
living4u.80port.net/zb/doc/file.index.htm/remax0-0secure0login_files/remax-securelogin_files/other.jpg/Remax-SecureLogin_files/style.htm,bad
lynnblos.com/files/,bad
tpreiasouthtexas.org/images/kn/autolink/index.php?email=%0%,bad
deportesmaestrazgo.es/logs/ASBView/08887660c3180c56de407c9112f86b01/,bad
airplanemodelmuseum.com/wp-content/Kantunal/,bad
matamjidali.net/GoogleDoc/doc,bad
manuafrique.ma/Admin/g,bad
liableonlinedoc.cf/doc2016,bad
awareness.7534ggf.siliconvalley.clearpointsupplies.com/approval.edu,bad
kf25zx.com/images/?http://us.battle.net/login/en/http://www.toitoi.com.tw/wp-admin=,bad
securehrservices.com/Confirmation-iTunes/,bad
anjans.com/merchant/Kay%20Generator%20Executables/paypal.webscr.mpp.a06d5zc40ad5e6zr6fef06a40vc2be750/fin,bad
anjans.com/merchant/Kay%20Generator%20Executables/paypal.webscr.mpp.a06d5zc40ad5e6zr6fef06a40vc2be750/fin/Ak47_/index.php?16a5b9d8f3845dbbaea38a6a08dc958f?dispatch=o4E3vNa8Cp5IGR1VsOMiYRa3bavLF4T39x6ElgNYGTGnKIjcx6,bad
anarchyvapor.com/wp-content/plugins/doc/9f7b213fada4a5e4388bc3fb19d06635,bad
anarchyvapor.com/wp-content/plugins/doc/9f7b213fada4a5e4388bc3fb19d06635/,bad
anarchyvapor.com/wp-content/plugins/doc/5caebceed53fff18798a78747ebfe39e,bad
anarchyvapor.com/wp-content/plugins/doc/5caebceed53fff18798a78747ebfe39e/,bad
anarchyvapor.com/wp-content/plugins/doc/43eb5f5cea0a71c46459e198c456356b,bad
anarchyvapor.com/wp-content/plugins/doc/43eb5f5cea0a71c46459e198c456356b/,bad
katherine.church/intranet/ONEY/mod_weblinks/,bad
interruptsolutions.club/,bad
amarea-italia.ru/modules/excel,bad
mobilier-bureau-destockage.com/themes/prestashop/config/sia/domain/domain,bad
wecanfixitatl.com/wp-admin/js,bad
gatewayliight.com/ali,bad
fx-dz.com/sess/0ffdc5b667fbebad707b59f1874128ad,bad
luxury-domains.com/investors,bad
luxury-domains.com/doc,bad
sayyahat.com/documents/box,bad
eltonsena.com.br/admin/filewords,bad
free.mobile.academiadedoblaje.com.ar/cmd/6fcb6b1e38a5d3ea950aa7decf5f6602/moncompte/index.php,bad
elgrandaustralia.com/phpthumb/par/par,bad
flexeasymodegrill.info/imon/boaa,bad
cndoubleegret.com/admin/secure/cmd-login=bc66f57352a6b1166abae0d5e0e2b59a,bad
living4u.80port.net/zb/doc/file.index.htm/remax0-0secure0login_files/remax0-0secure0login_files/remax-securelogin_files/Remax-SecureLogin_files/Remax-SecureLogin_files,bad
cndoubleegret.com/admin/secure/cmd-login=6c1c6cdadb2e32d8c8cf9aa93f4fb07c,bad
royalgateenergy.com/wp-admin/js/images/httpdocs/306bde78a99754aaae2fdb5ab7444e61,bad
fctme.com/lead%20/gtex,bad
csemobility.com/Drpbox2016/wdd,bad
classifiedodisha.com/propertyy,bad
ilhaturismo.com.br/wp-admin/includes/AOL/AOL.asp.account.sumbit-confirm.securesxssllldd551/AOL/Aol.html,bad
templateshop1.com/index/5548c688aaef8c1ead8067ca8b2a65bf,bad
talkingintune.co.uk/cses/Usaa,bad
sportvolley.com/wp-content/.accountupdate,bad
trans-deco.com/wmsbd,bad
liderkirici.com/bbc6f95b87b77ac8cbe92363936d1bc5,bad
houselistingsdomains.com/b664d17178115f5ca19d4416c85a7f2e/,bad
houselistingsdomains.com/b664d17178115f5ca19d4416c85a7f2e,bad
excelcontractor.com/owoinvest/account,bad
houselistingsdomains.com/11dd0b2e02d1a297776301fd143f10d8,bad
taggartkids.com/js/lib/web-connect/ca/mobile/c947080aaeb0f2ce7acf773000b6ff8e,bad
sunkeyinsurance.com/wp-includes/fonts/filewords,bad
smcll.biz/solara/portfolio_zip_0/dropbox,bad
heroesenlascalles.com/zos/new/box/wdd,bad
cengizgulec.com/fotolar/adobesecure/9a48c5e1c50469a2f8c5a482bcde7ba8,bad
prolenha.org.br/459i0e/456ie0/8564ie0/fud/confirm.php,bad
celular-para-empresa.com/js/D/dhl/DHL.htm,bad
prodentmed.com.br/site/dx123/home,bad
63.246.128.84/General-Config-Confirmation/9c2e9a6e237aa35580d58508eacecdb5/3d19440f8b5bf130eb12e1e0e012c5a9/e515d8e93d43a401f38cb98130155638/bed32c18a2c3b7f8081b9dfbee69389f/f1f8dc91767d40eda7c7cd315177b09a/personal.php,bad
practiceprofitsplus.com/Media/newdocxb/a2d0b93f2361bbe10102ea7d091c5d94,bad
joyclinicforwomen.com/MQSL/index.html,bad
pototravel.com.my/thumb/bkp140515/dire/aa1,bad
postopetrolina.com.br/reader/dropbox/32985c759dd2e646d8f115fc4b9c80c5,bad
theteesbar.com/pkginfo/mobile2016/06bed5a13111cc54b1b82f659e41230d/c8030309ec5421982f7cefb673aaf788,bad
tecnicana.org/crm/m/av/ac/ad/efec30abe0431991641c6938998daa88,bad
tecnicana.org/Administrar/Calendario/av/ac/ad/9f19a49deb92825d2212def10a8e6921,bad
tecnicana.org/Administrar/Calendario/av/ac/ad/9f19a49deb92825d2212def10a8e6921/,bad
tecnicana.org/Administrar/Calendario/av/ac/ad/320045e430fc2c2824e9166e1ac29351,bad
tecnicana.org/Administrar/Calendario/av/ac/ad/320045e430fc2c2824e9166e1ac29351/,bad
tecnicana.org/Administrar/av/ac/ad/16ac6ac1cfe7bd523f968018f2c0e0c8,bad
tecnicana.org/Administrar/av/ac/ad/16ac6ac1cfe7bd523f968018f2c0e0c8/,bad
sh207010.website.pl/bxnxj/,bad
apparelshop.com.br/skin/send.php,bad
academiaaeronautica.com/wp-includes/pomo/data/e332752c1850ab91f4fb670d8e5cb75d/,bad
academiaaeronautica.com/wp-includes/pomo/data/e332752c1850ab91f4fb670d8e5cb75d,bad
paulopr.com/n5,bad
jkir8gfrfyttdtyfdufuyew.auraaviation.com/dgfkluio67jbdfger,bad
paulopr.com/n3,bad
elaboreluxury.com/js/alibaba/alibaba,bad
paulopr.com/n2,bad
eindustrialmall.com/mxpca/lein/,bad
sandyhairbraiding.com/wp-includes/images/mail.htm,bad
sexo.camorg.net/wealth/strenght,bad
gosgmart.com/db_conf/ieccs/directiondereboursement,bad
roycoengineering.com/js/chase,bad
ecogreentec.com.au/index,bad
opiekun.de/system-entry/google-manual/7201a7dd5a27f31153a93a64558c8ea2/,bad
opiekun.de/system-entry/google-manual/7201a7dd5a27f31153a93a64558c8ea2,bad
italianlifestyle.co.za/js/twilight/Home,bad
surfandearned.top/images/pagedoc/page,bad
surfandearned.top/Account,bad
donutssweet.com/update/login,bad
iowasaferoutes.org/wp-content/plugins/wpsecone/dhl,bad
groupe-rbs.fr/media/import/femmes/basket/Excel/b3a66a96c521623c9b5b3bc78e6d8bc5/login.php?cmd=login_submit&id=24358a8e79709c8de248095bc4f458f024358a8e79709c8de248095bc4f458f0&session=24358a8e79709c8de248095bc4f458f024358a8e79709c8de248095bc4f458f0,bad
groupe-rbs.fr/media/import/femmes/basket/Excel/b3a66a96c521623c9b5b3bc78e6d8bc5,bad
normalruraltamaulipas.com/wp-admin/css/colors/ocean/Docs/d606d41c95f7d9f218c2d1b89a51e02c,bad
g-o-o--g-l-e.com/file/GD,bad
berryescott.co.uk/wp-admin/js/PJ/s,bad
23youngwear.com/coast/excel/excel/excel.php?rand=13InboxLightaspxn.1774256418&amp;fid.4.1252899642&amp;fid=1&amp;fav.1&amp;rand.13InboxLight.aspxn.1774256418&amp;fid.1252899642&amp;fid.1&amp;fav.1&amp;email=abuse@c3-worldwide.com&amp;.rand=13InboxLight.aspx?n=1774256418&amp;fid=4,bad
stmposlka.com/ali,bad
01453.com/,good
015fb31.netsolhost.com/bosstweed.html,good
02bee66.netsolhost.com/lincolnhomepage/,good
02ec0a3.netsolhost.com/getperson.php?personID=I4920&tree=ncshawfamily,good
032255.com/,good
05minute.com/,good
07090.blogspot.com/2011/07/westfield-police-officers-vote-no.html,good
08nrc.blogspot.com/,good
0creditcard.biz/,good
0dayreggaedancehall.blogspot.com/,good
0lo5ckgm.gozisanatuza.ru/?n=89425&amp;tid=47936,good
1-kansas.com/,good
1-newjersey.com/,good
1-ohio.com/,good
1-private-detective.tripod.com/oldlook.up.html,good
10000boomer.com/,good
10000daysatributetotool.bandzoogle.com/fr_home.cfm,good
10000daysinalaska.com/,good
1000mwlaserpointer.blogspot.com/,good
1001.yippie.biz/ca/cypress/,good
10012.kaluxo.remax-quebec.com/?A9FF0BCB-9683-41D6-955A-F1D9106257E4&lang=EN,good
1001afilmodyssey.blogspot.com/2010/04/wizard-of-oz-1939.html,good
1001laurel.com/,good
100777.com/node/373,good
100hot.com/hot100/ws/results/Web/92!FE5%20Montreal/1/302363/RightNav/Relevance/iq=true/zoom=off/qlnk=1/_iceUrlFlag=7?_IceUrl=true,good
100hot.com/hot100/ws/results/Web/Commission%20Scolaire%20Marguerite%20Bourgeois/1/302362/RightNav/Relevance/iq=true/zoom=off/qlnk=1/_iceUrlFlag=7?_IceUrl=true,good
100hot.com/hot100/ws/results/Web/Meteomedia%20Sherbrooke/1/0/0/Relevance/zoom=off/qi=1/qk=10/bepersistence=true/_iceUrlFlag=7?_IceUrl=true,good
100hot.com/hot100/ws/results/Web/Wes%20Scantlin/1/302363/RightNav/Relevance/iq=true/zoom=off/qlnk=1/_iceUrlFlag=7?_IceUrl=true,good
100kjobfinder.jobamatic.com/a/jobs/find-jobs/q-Kansas+City+Southern+Railway,good
100percentfrenchmadeincanada.blogspot.com/,good
100percentfrenchmadeincanada.blogspot.com/2005/02/first-entry.html,good
100percentfrenchmadeincanada.blogspot.com/2005_04_01_archive.html,good
100percentfrenchmadeincanada.blogspot.com/2006/12/4-updatenames.html,good
100percentfrenchmadeincanada.blogspot.com/2006_12_01_archive.html,good
100percentgay.blogspot.com/2010/09/aj-and-gerin-raw-at-chaosmen.html,good
100percentgay.blogspot.com/2011/01/alexandro-creampies-gerin-at-chaosmen.html,good
100percentgay.net/?s=eric+pryor,good
100percentgay.net/?s=kevin+warhol,good
100percentgay.net/?s=marcus+mojo,good
100percentgay.net/?s=trevor+yates,good
100scopenotes.com/2010/02/23/review-meanwhile-by-jason-shiga/,good
100tetesrecords.blogspot.com/,good
101olympians.blogspot.com/,good
101olympians.blogspot.com/2008/07/bob-beamon-event-destroyer.html,good
103kkcn.com/,good
1041.yippie.biz/ca/los_angeles/,good
104311.foodpages.ca/,good
1043now.com/,good
1043nowfm.com/,good
10704.kaluxo.remax-quebec.com/?00569118-5AAE-48AA-BF94-ADF2D084F50B&lang=EN,good
1077.yippie.biz/sc/chesnee/,good
10dollarleads.com/,good
10electronica.blogspot.com/,good
10kbullets.com/reviews/b/berdella/,good
10kbullets.com/reviews/b/brotherhood-of-the-wolf/,good
10kdays.com/,good
10kswim.blogspot.com/,good
10paisa.com/,good
10questions.time.com/2010/03/11/ask-robert-groves/,good
10starmovies.com/Watch-Movies-Online/Agnes_Browne_1999/,good
10starmovies.com/Watch-Movies-Online/Gojira_Fainaru_Uzu_2004/,good
10starmovies.com/Watch-Movies-Online/Inside_Im_Dancing_2004/,good
10starmovies.com/Watch-Movies-Online/Jackie_Bouvier_Kennedy_Onassis_2000/,good
10starmovies.com/Watch-Movies-Online/One_Night_At_McCools_2001/,good
10starmovies.com/Watch-Movies-Online/Stark_Raving_Black_2009/,good
10starmovies.com/Watch-Movies-Online/The_Boat_That_Rocked_2009/,good
10starmovies.com/Watch-Movies-Online/The_Circle_2002/,good
10starmovies.com/Watch-Movies-Online/The_Kid_Stays_In_The_Picture_2002/,good
10starmovies.com/profiles/Aleksey_Kravchenko_315203/,good
10starmovies.com/profiles/Dawn_Olivieri_8123/,good
10starmovies.com/profiles/Holmes_Osborne_165471/,good
10starmovies.com/profiles/James_Remar_6363/,good
10starmovies.com/profiles/James_Stewart_48391/,good
10starmovies.com/profiles/Jean-claude_Van_Damme_74489/,good
10starmovies.com/profiles/Marla_Pennington_36936/,good
10starmovies.com/profiles/Patrick_Mctavish_82393/,good
10starmovies.com/profiles/Peter_Benson_98030/,good
10starmovies.com/profiles/Rodney_Eastman_154038/,good
10starmovies.com/profiles/Sean_Mcnamara_34456/,good
10starmovies.com/profiles/Seychelle_Gabriel_130060/,good
112fm.com/,good
1146miles.com/music/code-pie-baby-justin-bieber-cover/,good
1149benson.info/,good
1149quakerchurch.2cmyhome.com/,good
1169.yippie.biz/ca/los_angeles/,good
11d.typepad.com/blog/2006/03/rich_parent_poo.html,good
1200lakeshore.com/,good
123-max.com/,good
123bomb.com/watch-xieJZJqzr_k/sexo-amor-bellakera-no-es-lo-mismo.html,good
123indigo-casinos.blogspot.com/,good
123klan.bigcartel.com/,good
123movies.info/movie/%c3%83%c5%93%c3%83%c2%a7_yaman_bakire_(1975)_1581424,good
123movies.info/movie/%c3%96yle_bir_kadin_ki_(1979)_1581191,good
123movies.info/movie/4_Clowns_(1970)_936067,good
123movies.info/movie/La_donna_della_mia_vita_(2010)_1227572,good
123movies.info/movie/La_petite_Aurore_lenfant_martyre_(1952)_1232456,good
123movies.info/movie/Les_exploits_dun_jeune_Don_Juan_(1987)_1249457,good
123movies.info/movie/Nine_Deaths_of_the_Ninja_(1985)_1312835,good
123movies.info/movie/Senza_pelle_(1994)_1398665,good
123movies.info/movie/Terror_Among_Us_(1981)_(TV)_1446293,good
123movies.info/movie/The_Cavemans_Valentine_(2001)_1457621,good
123movies.info/movie/The_Kid_Stays_in_the_Picture_(2002)_1477355,good
123movies.info/movie/Zad_kadar_(2010)_1574729,good
123movies.info/pictures/Sigmund_and_the_Sea_Monsters,good
123pornvideos.org/aoi/,good
123relocation.com/Maine/,good
123tamilgallery.com/kangna-ranaut/,good
124.105.24.19/,good
125.douglas.qc.ca/en/destigmatiser-sante-mentale.php,good
125.douglas.qc.ca/en/historique-informatique.php?section=service,good
12602id3.planetsourcefun.com/like/12602/?ref=r,good
12gfl.blogspot.com/2008/12/2005-ion-dissonance-solace.html,good
12oclocknews.com/,good
12or20questions.blogspot.com/2007/09/12-or-20-questions-with-joshua-marie.html,good
12starz.com/,good
1304.yippie.biz/mo/kansas_city/,good
1333.yippie.biz/ca/los_angeles/,good
1337x.org/torrent/128945/Americano-Rosso-DDTrip-DivX-DAlatri-Bentivoglio-Young-Ferilli-Ghini-TNT-Village/,good
1337x.org/torrent/151097/E-Allora-Mambo-DivX-Ita-Mp3-MIRCrew-TNT-Village/,good
1337x.org/torrent/191829/Card-Captor-Sakura-OST-1-4-Movie-1-2-OST-Lossy-Mp3-128-320kbps-Tntvillage/,good
1337x.org/torrent/239713/Viola-bacia-tutti-Asia-Argento-1998-Ita-sub-Eng-Rus-Thai/,good
1337x.org/torrent/246270/Pinetop-Perkins-The-Complete-Hightone-Sessions-blues-mp3-320-rogercc-h33t/,good
1337x.org/torrent/70342/0/,good
13693.tuksookey.com/,good
1383870.golden-harvest.stone.cc/,good
13ghosts.warnerbros.com/,good
13tura-an.blogspot.com/,good
14072006.blogspot.com/,good
14082.foodpages.ca/,good
14087.foodpages.ca/,good
14089.foodpages.ca/,good
141.2.66.26/en/,good
1470wnyy.com/pages/6210870,good
1483.yippie.biz/mo/kansas_city/,good
14for77.blogspot.com/2011/03/2011-kansas-city-royals-prediction.html,good
14thstreetbridge.wordpress.com/,good
150ninjas.org/,good
1530wjjg.com/,good
1530wjjg.com/about/,good
15jmelvin.glogster.com/,good
15love.gotop100.com/,good
15malaysia.com/films/,good
1630kcjj.com/CAPTAIN-STEVE-AND-TOMMY-LANG-MORNING-SHOW/883630,good
1635.yippie.biz/mo/kansas_city/,good
1675.yippie.biz/mi/lowell/,good
16dli.awardspace.com/page2.html,good
16pads.com/,good
17.taylor.edu/athletics/mbasketball/coach.shtml,good
173.193.93.251/our_people/margaret-a-swimmer,good
1730turkeyoakdrive.com/,good
17437.kaluxo.remax-quebec.com/,good
17441.kaluxo.remax-quebec.com/?42D72F47-640A-4714-A28B-B085C098FAE3&lang=EN,good
17682.kaluxo.remax-quebec.com/,good
17796.kaluxo.remax-quebec.com/?B6693D7A-5046-47B8-A4E5-43DE6037B72D&lang=EN,good
17995.kaluxo.remax-quebec.com/?BDBEA32A-A623-4F04-B336-982DA25EE657&lang=EN,good
17hmr.net/index.php?topic=6680.0,good
17hmr.net/index.php?topic=7296.0,good
1800partsnet.usedmontreal.com/,good
1879zuluwar.talk-forums.com/t2859-capt-george-marshall,good
1879zuluwar.talk-forums.com/t606-1240-pte-william-wilson-allen,good
18daystolyt.com/,good
18gay.net/porn/gay/films/,good
18thccuisine.blogspot.com/,good
1900-1985.com/,good
1911-singer.com/,good
1914-1918.invisionzone.com/forums/index.php?act=idx,good
1914-1918.invisionzone.com/forums/index.php?showtopic=116631,good
1914-1918.invisionzone.com/forums/index.php?showtopic=152717,good
1914-1918.invisionzone.com/forums/index.php?showtopic=33592,good
1918film.com/,good
192.156.19.109/,good
1928.info/,good
1930schoonermistress.blogspot.com/,good
1936pontiac.blogspot.com/,good
1940.airminded.org/category/compton-mackenzie/,good
1947entertainment.com/,good
1947entertainment.com/content/development,good
1950s-science-fiction-films.cheapgooddeal.com/,good
1952toppsbaseballcards.com/Checklist.2.htm,good
1954toppsset.com/,good
1957-chevrolet-alternator-conversion.com/wiring.html,good
1957.usnaclasses.com/,good
1960oldsmobiledynamic88.blogspot.com/,good
1960sbaseball.com/1960sBaseball_HOF_Pinson.html,good
1964topps.wordpress.com/2009/11/29/80-vada-pinson/,good
1964topps.wordpress.com/2010/07/31/389-jim-umbricht/,good
1964topps.wordpress.com/2010/08/07/452-giants-rookie-stars-gil-garridojim-ray-hart/,good
1964topps.wordpress.com/2010/08/22/167-senators-rookies-mike-brumleylou-piniella/,good
1965topps.blogspot.com/2008/09/14-len-gabrielson.html,good
1965topps.blogspot.com/2008/09/65-tony-kubek.html,good
1965topps.blogspot.com/2008/11/423-jesse-gonder.html,good
1965topps.blogspot.com/2008/12/355-vada-pinson.html,good
1965topps.blogspot.com/2008_09_01_archive.html,good
1965topps.blogspot.com/2011/02/269-frank-bolling.html,good
1965topps.blogspot.com/2011/05/260-don-drysdale.html,good
1966.spuhs-reunion.org/60.html,good
1966topps.blogspot.com/,good
1966topps.blogspot.com/2010/02/final-card-don-landrum.html,good
1967fbcards.blogspot.com/,good
1967fbcards.blogspot.com/2010/03/green-bay-packers.html,good
1967fbcards.blogspot.com/2010/04/los-angeles-rams.html,good
1967topps.blogspot.com/,good
1967topps.blogspot.com/2010/01/dennis-ribant-527.html,good
1967topps.blogspot.com/2010/01/final-card-andre-rodgers.html,good
1967topps.blogspot.com/2010/02/final-card-doug-clemens.html,good
1967topps.blogspot.com/2010/03/final-card-bob-duliba.html,good
1967topps.blogspot.com/2010/06/final-card-john-werhas.html,good
1967topps.blogspot.com/2010_03_01_archive.html,good
1968fbcards.blogspot.com/2010/06/san-diego-chargers.html,good
1968topps.blogspot.com/,good
1968topps.blogspot.com/2009/10/tigers-rookies-george-korincefred.html,good
1968topps.blogspot.com/2010/03/bob-rodgers-433.html,good
1968toppsset.com/,good
1970samericancinemaatuwm.blogspot.com/,good
1970topps.blogspot.com/,good
1971fbcards.blogspot.com/2010/01/san-diego-chargers.html,good
1972topps.blogspot.com/2009/03/77-ron-theobald.html,good
1972topps.blogspot.com/2010/01/133-joe-keough.html,good
1973topps.blogspot.com/,good
1973toppsphotography.blogspot.com/2011/11/les-expos.html,good
1973toppsphotography.blogspot.com/p/set-checklist.html,good
1973whsreunion.blogspot.com/2009/08/bruce-reed-butch-reed-hacksaw-reed.html,good
1974topps-pennantfever.blogspot.com/,good
1974topps.blogspot.com/,good
198.164.154.3/~Heritage/RCN/SJ_Built_Frigates.htm,good
198081.timbersfanpage.com/,good
1980toppsbaseball.blogspot.com/,good
1980toppsbaseball.blogspot.com/2009/08/132-biff-pocoroba.html,good
1980toppsbaseball.blogspot.com/2009/12/210-steve-carlton.html,good
1980toppsbaseball.blogspot.com/2010/06/293-elias-sosa.html,good
1980toppsbaseball.blogspot.com/2010/06/312-mike-barlow.html,good
1986bishopready.blogspot.com/,good
1986dragons.com/,good
1987topps.blogspot.com/2009/03/40-dave-righetti.html,good
1988engine.com/,good
1988transmission.com/,good
199.115.25.156/aqueduct/Stakes/HollieHughes.shtml,good
199.237.254.34/index.html,good
1991dragons.com/,good
1atexasfootball5178.yuku.com/topic/7042/Seymour-Panthers-VS-3-Albany-Loins,good
1cdgaeea.fortunecity.com/index9.html,good
1crittenden.com/,good
1crowncenter.com/,good
1greengeneration.elementsintime.com/?p=284,good
1heckofaguy.com/category/leonard-cohen/,good
1linereview.blogspot.com/2010/03/man-from-london-2007.html,good
1m1f.com/Reticuli/,good
1m1f.com/bilodeau/,good
1morefilmblog.com/wordpress/johnny-guitar-ray-1954/,good
1pacquiaovsmosleylivestream.glogster.com/,good
1st-beginners-golf-swing-tips.com/,good
1st-tvseries.blogspot.com/,good
1stcolumbusguide.com/,good
1stnewyorkmccrackensco.org/F__I_War_Impression.html,good
1stpearllimo.com/,good
1tiger-shark.com/caliph-ursula-maciejewski/,good
1up.al/,good
1uparcade.rmfx.com/,good
1upbooks.com/,good
1upclan.info/,good
1uplawnservices.com/,good
1upmedia.com/,good
1uprc.com/,good
1uptest.info/,good
1upwebdevelopment.com/,good
1withabullet.wordpress.com/2009/07/08/rest-in-peace-joe-bowman/,good
2000riverside.com/,good
2002.timbersfanpage.com/,good
20050-wwsr.info/,good
2006.timbersfanpage.com/,good
2006nhlmockdraft.blogspot.com/,good
2007.escapegreat.com/convention/delegates/,good
2007.timbersfanpage.com/,good
2008.heavymtl.com/en/home,good
2008.heavymtl.com/fr/lineup,good
2008grammyawards.blogspot.com/,good
2008records.com/by.names.html,good
2009.aclfestival.com/,good
2009bulletin.loyno.edu/law/faculty/index.php,good
2009cyct.blogspot.com/,good
2009grammywinners.com/,good
2009jrcanadians.langleybaseball.ca/,good
200columbus.com/,good
2010-tennis-live.blogspot.com/,good
2010.aclfestival.com/band/beats-antique,good
2010.aclfestival.com/band/broken-bells,good
2010.aclfestival.com/band/cage-the-elephant,good
2010.census.gov/2010census/,good
2010.festivalinternational.com/band/les-breastfeeders-2,good
2010.lafilmfest.com/,good
2010.lollapalooza.com/band/rogue-wave,good
2010.rocktherepublic.com/musician/we-were-wolves/,good
2010.seebbe.com/active/en/home/gornji_meni/za_izlagace/spisak_izlagaca_abc_2010_v01.html,good
2010.sparkslse.com/speakers.php,good
2010.wifilmfest.org/,good
2010amovieaday.wordpress.com/2010/03/02/the-pink-panther-2/,good
2010eqconf.org/,good
2010fr.heavymtl.com/,good
2010fr.osheaga.com/,good
2010games.nytimes.com/athletes/joannie-rochette-can.html,good
2010games.nytimes.com/athletes/martin-brodeur-can.html,good
2010games.nytimes.com/events/freestyle-skiing/womens-moguls/results.html,good
2011.acmun.org.pk/,good
2011.arisia.org/Bios2011,good
2011.caata.net/conference/,good
2011.csmgraphicdesign.com/profile.php,good
2011.kolkatautsav.com/,good
2011.mx1-steveramon.be/?lang=en,good
2011.noisepop.com/,good
2011.riverrunfilm.com/2011/films,good
2011.scotdancenovascotia.com/,good
2011.scotdancenovascotia.com/?page_id=343,good
2011.tiff-jp.net/en/lineup/works.php?id=22,good
2011.universalsports.com/photos/galleryid=542444.html,good
2011bernardborgjason.blogspot.com/,good
2011canadiangymnasticschampionships.wordpress.com/,good
2011reggae.com/,good
2012.democratic-convention.org/History.php,good
2012.moragatri.com/,good
2012tampa.com/faq/,good
2012world-ends.com/,good
2020psh.org/,good
205.237.250.153/SITES/003-09-geriatrics/index.asp?C=1&DB=024_003-09-geriatrics&M=1&L=E,good
208.112.56.188/merchant2/merchant.mvc?Screen=CTGY&Store_Code=BC&Category_Code=CP,good
20832.com/?lang=eng,good
20gay.com/listed.htm,good
20poundsofheadlines.wordpress.com/2011/05/03/sly-james-takes-cleavers-communication-director-fills-out-staff/,good
20poundsofheadlines.wordpress.com/2011/11/07/kc-mayor-sly-james-bittersweet-reaction-to-mizzou/,good
20poundsofheadlines.wordpress.com/2011/11/19/maybe-be-best-kinder-line-of-fruday-night-from-house-budget-chair-ryan-silvey/,good
20secondtimeout.blogspot.com/2007/04/2006-2007-nba-playoff-preview.html,good
20somethinglibrarian.wordpress.com/2011/09/19/montreal-comiccon/,good
211blog.drawnandquarterly.com/,good
211blog.drawnandquarterly.com/2011_07_01_archive.html,good
216.92.161.171/vb/printthread.php?t=8432&pp=40,good
216.92.161.171/vb/printthread.php?t=8432&pp=40&page=2,good
21gms.com/,good
21st-century-breakdown.com/,good
21stbattalion.ca/graves_t-z.html,good
21stcenturyaffiliatemarketing.com/2008/08/31/ken-evoy-releases-updated-2008-edition-of-the-affiliate-masters-course/,good
21stcenturybreakdown.org/,good
21stcenturybreakdownlyricsgreenday.blogspot.com/,good
21stcenturybreakdownlyricsgreenday.blogspot.com/2009/02/21st-century-breakdown-song-lyrics-by.html,good
21stcenturybreakdownlyricsgreenday.blogspot.com/2009/03/viva-la-gloria-lyrics-green-day.html,good
21stcenturyurbansolutions.wordpress.com/tag/capitol-corridor/,good
2215manzanitadrive.com/,good
2255films.blogspot.com/,good
227-youtube-chili-chicago-bulls-nba.blogspot.com/,good
227-youtube-chili-nbc-tv-nba-news.blogspot.com/,good
227s-youtube-chili-duke-blue-devils.hoops227.biz/?p=29,good
227s-youtube-chili-duke-blue-devils.hoops227.biz/?p=30,good
22930.foodpages.ca/,good
2310.digitalsports.com/,good
234next.com/csp/cms/sites/Next/Home/5745279-146/afdb_sets_out_bullish_vision_for.csp,good
23rdstorey.blogspot.com/,good
23rdstorey.com/,good
24.wikia.com/wiki/David_Emerson,good
24.wikia.com/wiki/Michael_Massee,good
24.wikia.com/wiki/Milo_Pressman,good
247magazine.co.uk/2010/10/25/police-in-keynsham-hunt-mr-t-lookalike-in-connection-with-road-rage-attack/,good
247sports.com/Player/Joe-Manley-8182,good
247sports.com/Player/Keith-Byars-II-8543,good
247sports.com/Player/Marcus-Foster-10963,good
24tango.blogspot.com/,good
24timezones.com/,good
24timezones.com/world_directory/fort-de-france_local_time.php,good
24tvseriesepisodes.com/,good
2522.digitalsports.com/,good
25south.wordpress.com/2011/10/29/15-january-2005-%e2%80%93-bidvest-wits-stadium-johannesburg-south-africa/,good
26th.theabcsofdeath.com/t-is-for-taste,good
280macarthurlane.com/,good
28dayslater.wikia.com/wiki/Brendan_Gleeson,good
2across.com/,good
2bcca.totoblog.net/g20947.html,good
2bheal.com/,good
2boredtofeelfree.blogspot.com/,good
2dhouse.com/index.php,good
2gta.com/,good
2illuminate.blogspot.com/2010/04/carew-castlecar-boot-sale.html,good
2leep.com/srch/g/a/s/gas+station+fail.html,good
2milechallenge.com/pages/about,good
2mopaul.com/GoneClaudeDelisle.htm,good
2ndannualnewbernfurball.blogspot.com/,good
2ndcoloradocavalry.com/history.html,good
2ndwinterlimnology.igb-berlin.de/,good
2neatmagazines.com/life/1951.html,good
2onlinetv.com/tv/stream.php?id=1217,good
2onlinetv.com/tv/stream.php?id=1228,good
2onlinetv.com/tv/stream.php?id=892,good
2ormoreresources.blogspot.com/,good
2pacogz.blogspot.com/,good
2persontentreviews.com/,good
2photographersandadog.com/ourminds/,good
2rcha.net/,good
2stepsfromdeath.com/,good
2uibestow.blogspot.com/2011/05/album-review-fred-leaving-my-empire.html,good
3040collegestatuslist.blogspot.com/,good
3107shelterbay.com/,good
31hours.com/live-streaming-puerto-rico-islanders-vs-saint-lucia-tv-watch/,good
31hours.com/live-streaming-shimizu-s-pulse-urawa-red-diamonds-tv-watch-17-09-2011/,good
31hours.com/los-angeles-galaxy-vancouver-whitecaps-live-stream-17-september-2011/,good
31hours.com/streaming-live-fc-dallas-vs-new-york-red-bulls-17-09-2011/,good
31hours.com/watch-dallas-stars-vs-montreal-canadiens-livestream-20-09-2011/,good
31hours.com/watch-kansas-city-royals-minnesota-twins-live-streaming-28-09-2011/,good
31hours.com/watch-sporting-kansas-city-vs-new-york-red-bulls-livestream-15-october-2011/,good
32atozcars.blogspot.com/,good
32brownct.com/,good
33-montreal.com/history-of-montreal.asp,good
342963.likedop.info/?ref=main,good
350.royalsociety.org/,good
35thregistry.com/,good
360boating.com/company.cfm?id=19429,good
360boating.com/statelist.cfm?state=BC,good
360darch.com/,good
360winnett.com/,good
365cincinnati.com/free/union-terminal-rotunda-tour,good
365ponyup.blogspot.com/,good
365rosaries.blogspot.com/2010/08/august-31-saint-raymond-nonnatus.html,good
3907.cupe.ca/wp/,good
3953303.ammas.com/redirect.cfm,good
399bellevue.com/,good
39clues.wikia.com/wiki/Gordon_Korman,good
3actors.com/,good
3alitydigital.wordpress.com/,good
3alitytechnica.com/,good
3barnone.tripod.com/id34.htm,good
3barnone.tripod.com/welcome.htm,good
3blmedia.com/theCSRfeed/Canadian-Business-Global-Citizen-Interview-Jean-Francois-Gascon-Vice-President-Capacity-B,good
3blmedia.com/theCSRfeed/Electrical-Public-Safety-American-Electric-Power-Anatomy-Distribution-System,good
3blmedia.com/theCSRfeed/Fair-Trade-USA-Names-Green-Mountain-Coffee-Roasters-Inc-World%E2%80%99s-Largest-Purchaser-Fair-Tr,good
3blmedia.com/theCSRfeed/Molson-Canadian-Red-Leaf-Project-Celebrates-Grey-Cup-Vancouver,good
3blmedia.com/theCSRfeed/ReportAlertinfo-Soci%C3%A9t%C3%A9-de-transport-de-Montr%C3%A9al-publishes-Sustainable-Development-Report,good
3blmedia.com/theCSRfeed/World-Bank-and-Fair-Trade-USA-Provide-Training-Colombian-Coffee-Producers-Price-Risk-Mana,good
3boom.net/kanyar/fraktal.htm,good
3chicspolitico.com/president-obamas-accomplishments/,good
3cincom.com/,good
3dcgi.net/,good
3dconsultingllc.com/,good
3dguy.tv/tag/narnia-3d/,good
3dir.co.uk/directory/category/sports/index.php,good
3dparks.wr.usgs.gov/coloradoplateau/lexicon/greenriver_laney.htm,good
3jack.blogspot.com/2009/04/champagne-tony-lema.html,good
3kproperties.com/,good
3ldfilms.com/,good
3stepusa.com/,good
3totango.warnerbros.com/,good
3xupdate.com/tag/henri-pachard/,good
3xupdate.com/tag/juliet-anderson/,good
3xupdate.com/tag/mai-lin/,good
40553594.ammas.com/redirect.cfm,good
405la.com/,good
405th.com/,good
410film.com/,good
411free411.com/nj/monmouth-county.html,good
411webconnect.com/listing/alllocations.php,good
415mediagroup.com/,good
415world.com/,good
415worldinfo.com/,good
419.bittenus.com/11/4/BelhassenTrabelsi.html,good
4261detroit.com/,good
4275louispayette.com/,good
42monticelloavenue.com/,good
42ndrhr.org/,good
42ndstmoon.org/and-all-jazz-john-kander-salon-evening,good
43kix.com/wap/castcrew.php?film=68206,good
440int.com/sfran.html,good
44309streetartgallery.net/,good
44thandgoal.blogspot.com/,good
45-degrees.blogspot.com/2011/11/autumn-2011-on-dachstein-photo-update.html,good
4508c35cb.blogspot.com/,good
4508c35cb.blogspot.com/2009_01_01_archive.html,good
465dominionunit409.com/,good
46eqez.blogspot.com/2011/05/charlene-tilton-now.html,good
48433.digitalsports.com/2008/05/12/updates-for-miaa-baseball-championships-tournaments/,good
48thpennsylvania.blogspot.com/2007_05_01_archive.html,good
49ersnews.com/2011/01/greg-roman-named-offensive-coordinator/,good
49thvirginiainfantry.com/,good
4americanfootball.blogspot.com/2008/10/list-of-american-football-teams-in.html,good
4bars.com.au/web/2011/08/23/classic-cocktails-the-bobby-burns/,good
4chanarchive.org/brchive/dspl_thread.php5?thread_id=1365059&amp;x=Post-Rock+share+thread,good
4closurefraud.org/2011/09/02/reminder-in-2010-iowa-ag-miller-was-major-recipient-of-vew-out-of-state-bank-finance-money/,good
4creditunion.com/,good
4gmobile.com/,good
4h.wsu.edu/volunteertraining/,good
4hcasscounty.org/,good
4hourpeople.com/,good
4lakids.blogspot.com/2006_03_01_archive.html,good
4megaupload.com/5x10-arashi-pv.html,good
4megaupload.com/808s-heartbreak.html,good
4megaupload.com/ageless-desire-juliet-anderson.html,good
4megaupload.com/alessandro-siani-tutti-bravi-megavideo.html,good
4megaupload.com/all-the-best-1999-2009-torrent.html,good
4megaupload.com/all-the-best-1999-2009-zip.html,good
4megaupload.com/amanda-majestic.html,good
4megaupload.com/arashi-beautiful-world-album.html,good
4megaupload.com/arashi-single-collection-1999-2001.html,good
4megaupload.com/arcangel.html,good
4megaupload.com/ariel-rebel.html,good
4megaupload.com/biutiful-pt.html,good
4megaupload.com/biutiful.html,good
4megaupload.com/brazzers-com.html,good
